round,player_name,player_value,bid,is_winner,final_price,profit,experiment_name,version,model,service_name,temperature,number_agents,total_rounds,seal_clock,price_order,private_value,increment,seed_base,special_name,timestamp,repetition_id,plan
0,Bidder Andy,34,25.0,True,16.0,9.0,common_value_second_gemini,V10,meta-llama/Meta-Llama-3-8B-Instruct,deep_infra,0.5,3,1,seal,second,common,0.1,1299,common_spsb.txt,2026-01-29_03-30-03-061237,03-30-03-071591,"Since this is the first round, I don't have any historical data to rely on. However, I will start by bidding conservatively, taking into account the private noise adjustment that could either increase or decrease my perceived value. Given my private value of $34, I will bid $25, which is below my perceived value and also takes into account the possibility of a high private noise adjustment. This will give me a good chance of winning the prize while minimizing my potential losses."
0,Bidder Betty,13,4.0,False,16.0,0,common_value_second_gemini,V10,meta-llama/Meta-Llama-3-8B-Instruct,deep_infra,0.5,3,1,seal,second,common,0.1,1299,common_spsb.txt,2026-01-29_03-30-03-061237,03-30-03-071591,"Since this is the first round, we don't have any historical data to rely on. However, we can still make an informed decision based on our private value. Our perceived value is $13, which is likely to be higher than the common value since it's a noisy measurement. Considering the possible range of the common value (20-29), it's likely to be around 25. Given this, we should bid aggressively to maximize our chances of winning. We'll start with a bid of $4, which is a reasonable starting point given our perceived value."
0,Bidder Charles,16,16.0,False,16.0,0,common_value_second_gemini,V10,meta-llama/Meta-Llama-3-8B-Instruct,deep_infra,0.5,3,1,seal,second,common,0.1,1299,common_spsb.txt,2026-01-29_03-30-03-061237,03-30-03-071591,"Since this is the first round, I don't have any historical data to learn from. However, I will start by bidding a moderate amount to gauge the competition. Given my private value of $16, I will aim to bid around $15-$17 to have a reasonable chance of winning while keeping my costs low. I will also keep an eye on the other bidders' bids to adjust my strategy accordingly. If I win, I will pay the second-highest bid, and if I lose, my earnings will remain unchanged. My goal is to maximize my profit in the long run."
0,Bidder Andy,23,22.0,False,25.0,0,common_value_second_gemini,V10,meta-llama/Meta-Llama-3-8B-Instruct,deep_infra,0.5,3,1,seal,second,common,0.1,1299,common_spsb.txt,2026-01-29_03-30-03-061237,03-30-17-806387,"Since this is the first round, I don't have any historical data to rely on. However, I can use my knowledge of the game mechanics to make an informed decision. Since my private value is $23, I should aim to bid close to this value to maximize my expected profit. I will start by bidding $22, which is a reasonable distance from my private value and is likely to be competitive. I will then observe the bids of the other players and adjust my strategy accordingly in future rounds."
0,Bidder Betty,30,25.0,False,25.0,0,common_value_second_gemini,V10,meta-llama/Meta-Llama-3-8B-Instruct,deep_infra,0.5,3,1,seal,second,common,0.1,1299,common_spsb.txt,2026-01-29_03-30-03-061237,03-30-17-806387,"Since this is the first round, I'll start by bidding a moderate amount to gauge the competition. Given my private value of $30, I'll bid $25, which is slightly below my perceived value. This allows me to learn more about the other bidders' perceived values while keeping my options open for future rounds. I'll also keep an eye on the common value, which could influence the other bidders' bids. By bidding $25, I'm not overcommitting and can adjust my strategy accordingly in future rounds."
0,Bidder Charles,5,41.0,True,25.0,0.0,common_value_second_gemini,V10,meta-llama/Meta-Llama-3-8B-Instruct,deep_infra,0.5,3,1,seal,second,common,0.1,1299,common_spsb.txt,2026-01-29_03-30-03-061237,03-30-17-806387,"Since this is the first round, I don't have any historical data to rely on. However, I know that my private value for the prize is $5. Since the true value of the prize is equal to the common value, which is drawn between 20 and 29, I expect the true value to be around $24. To maximize my profit, I will bid slightly higher than my private value to account for the noise in the perceived value. I will start with a bid of $4.1, which is a conservative estimate considering the noise. This will give me a good chance of winning and minimize my potential loss if I don't win."
0,Bidder Andy,37,24.0,True,24.0,2.0,common_value_second_gemini,V10,meta-llama/Meta-Llama-3-8B-Instruct,deep_infra,0.5,3,1,seal,second,common,0.1,1299,common_spsb.txt,2026-01-29_03-30-03-061237,03-30-32-603596,"Since this is the first round, I don't have any historical data to rely on. However, I know that the true value of the prize is the common value, which is unknown to me. My perceived value is $37, which is likely to be higher than the true value. I will bid aggressively to maximize my profit. I will start with a bid of $24, which is relatively low but still competitive. This will allow me to gauge the competition and adjust my bid accordingly."
0,Bidder Betty,26,24.0,False,24.0,0,common_value_second_gemini,V10,meta-llama/Meta-Llama-3-8B-Instruct,deep_infra,0.5,3,1,seal,second,common,0.1,1299,common_spsb.txt,2026-01-29_03-30-03-061237,03-30-32-603596,"Since this is the first round, I don't have any historical data to rely on. However, I'll start by bidding conservatively, taking into account the noisy measurement of the true value. My perceived value is $26, which is higher than the common value range (20-29). I'll bid $24, which is slightly below my perceived value, to account for the noise. This will also give me room to adjust my bid in future rounds if needed. My goal is to maximize my profit in the long run, so I'll start by bidding cautiously and observing the competition."
0,Bidder Charles,13,11.5,False,24.0,0,common_value_second_gemini,V10,meta-llama/Meta-Llama-3-8B-Instruct,deep_infra,0.5,3,1,seal,second,common,0.1,1299,common_spsb.txt,2026-01-29_03-30-03-061237,03-30-32-603596,"Since this is the first round, I don't have any historical data to rely on. I'll start by bidding a moderate amount to gauge the competition. Given my private value of $13, I'll aim to bid around $10-$12 to leave some room for potential adjustments. I'll also consider the fact that the true value is likely to be between 20 and 29, so I won't bid too high initially. My plan is to bid $11.50, which is a reasonable starting point that allows me to learn more about the competition without committing too much."
0,Bidder Andy,14,2.0,False,25.0,0,common_value_second_gemini,V10,meta-llama/Meta-Llama-3-8B-Instruct,deep_infra,0.5,3,1,seal,second,common,0.1,1299,common_spsb.txt,2026-01-29_03-30-03-061237,03-30-46-995278,"Since this is the first round, I don't have any historical data to rely on. However, I'll start by bidding conservatively, as I don't know the other bidders' values. Given my private value of $14, I'll aim to win the prize while minimizing losses. I'll bid $2, which is a relatively low amount, but still competitive. This will allow me to gauge the competition and adjust my strategy accordingly in the next round, if available."
0,Bidder Betty,43,40.0,True,25.0,2.0,common_value_second_gemini,V10,meta-llama/Meta-Llama-3-8B-Instruct,deep_infra,0.5,3,1,seal,second,common,0.1,1299,common_spsb.txt,2026-01-29_03-30-03-061237,03-30-46-995278,"Since this is the first round, I don't have any historical data to rely on. However, I know that the true value of the prize is the common value, which is unknown to me. Since my private value is $43, I want to bid high enough to win the prize. I will start with a bid of $40, which is slightly below my private value. This allows me to hedge against the possibility that the other bidders may have a higher private value. I will also keep an eye on the other bidders' bids and adjust my strategy accordingly."
0,Bidder Charles,39,25.0,False,25.0,0,common_value_second_gemini,V10,meta-llama/Meta-Llama-3-8B-Instruct,deep_infra,0.5,3,1,seal,second,common,0.1,1299,common_spsb.txt,2026-01-29_03-30-03-061237,03-30-46-995278,"Since this is the first round, I don't have any historical information to rely on. However, I'll assume that the other bidders' perceived values are randomly distributed around the true value. Given my private value of $39, I'll aim to bid close to it while also considering the potential for the other bidders to bid higher. I'll start with a conservative bid of $25 to gauge the competition, and then adjust accordingly based on the other bidders' bids."
0,Bidder Andy,23,22.0,False,22.0,0,common_value_second_gemini,V10,meta-llama/Meta-Llama-3-8B-Instruct,deep_infra,0.5,3,1,seal,second,common,0.1,1299,common_spsb.txt,2026-01-29_03-30-03-061237,03-31-01-325415,"Since this is the first round, I don't have any historical data to rely on. However, I can use my knowledge of the game mechanics to make an informed decision. Since my private value is $23, I should aim to bid close to this value to maximize my expected profit. I will start by bidding $22, which is a reasonable distance from my private value and is likely to be competitive. I will then observe the bids of the other players and adjust my strategy accordingly in future rounds."
0,Bidder Betty,44,6.0,False,22.0,0,common_value_second_gemini,V10,meta-llama/Meta-Llama-3-8B-Instruct,deep_infra,0.5,3,1,seal,second,common,0.1,1299,common_spsb.txt,2026-01-29_03-30-03-061237,03-31-01-325415,"Since this is the first round, I don't have any prior knowledge to inform my bidding strategy. However, I will start by bidding a relatively low amount to gauge the competition. I will bid $6, which is slightly above the minimum bid of $0.1. This will allow me to get a sense of the other bidders' perceived values and adjust my strategy accordingly. I will also keep in mind that my true value for the prize is $44, and I will aim to maximize my profit in the long run."
0,Bidder Charles,43,25.0,True,22.0,3.0,common_value_second_gemini,V10,meta-llama/Meta-Llama-3-8B-Instruct,deep_infra,0.5,3,1,seal,second,common,0.1,1299,common_spsb.txt,2026-01-29_03-30-03-061237,03-31-01-325415,"Since this is the first round, I don't have any historical data to rely on. However, I will reason out a bidding strategy based on my private value of $43. Since I don't know the values of the other bidders, I will start with a conservative bid to avoid overbidding. I will bid $25, which is 10% below my private value. This will give me a good chance of winning the prize without overpaying. If I win, I will earn $43 - $25 = $18. If I lose, I will pay nothing."
0,Bidder Andy,23,22.0,False,22.0,0,common_value_second_gemini,V10,meta-llama/Meta-Llama-3-8B-Instruct,deep_infra,0.5,3,1,seal,second,common,0.1,1299,common_spsb.txt,2026-01-29_03-30-03-061237,03-31-15-887582,"Since this is the first round, I don't have any historical data to rely on. However, I can use my knowledge of the game mechanics to make an informed decision. Since my private value is $23, I should aim to bid close to this value to maximize my expected profit. I will start by bidding $22, which is a reasonable distance from my private value and is likely to be competitive. I will then observe the bids of the other players and adjust my strategy accordingly in future rounds."
0,Bidder Betty,45,25.0,True,22.0,4.0,common_value_second_gemini,V10,meta-llama/Meta-Llama-3-8B-Instruct,deep_infra,0.5,3,1,seal,second,common,0.1,1299,common_spsb.txt,2026-01-29_03-30-03-061237,03-31-15-887582,"As this is the first round, I will start by bidding a moderate amount to gauge the competition. Since my private value is $45, I will aim to bid slightly above the midpoint of the possible range to increase my chances of winning. Considering the noise adjustment, I will bid $25, which is a reasonable starting point. I will observe the bids from other players and adjust my strategy accordingly in subsequent rounds, if available. If not, I will stick with this initial bid."
0,Bidder Charles,6,1.1,False,22.0,0,common_value_second_gemini,V10,meta-llama/Meta-Llama-3-8B-Instruct,deep_infra,0.5,3,1,seal,second,common,0.1,1299,common_spsb.txt,2026-01-29_03-30-03-061237,03-31-15-887582,"Since this is the first round, I don't have any historical data to inform my bidding strategy. However, I will adopt a conservative approach to maximize my expected profit. Given my private value of $6, I will start with a bid of $1.10, which is slightly above the minimum bid increment of $0.10. This bid is low enough to ensure I don't lose the auction immediately, but high enough to give me a chance to win and maximize my earnings. I will also pay close attention to the bids from other players to adjust my strategy accordingly."
0,Bidder Andy,32,30.0,True,24.9,-2.8999999999999986,common_value_second_gemini,V10,meta-llama/Meta-Llama-3-8B-Instruct,deep_infra,0.5,3,1,seal,second,common,0.1,1299,common_spsb.txt,2026-01-29_03-30-03-061237,03-31-30-539729,"Since this is the first round, I don't have any historical data to rely on. However, I know that my private value for the prize is $32, and I want to maximize my profit in the long run. I'll start by bidding a moderate amount, taking into account the noise in the perceived value. I'll bid $30, which is slightly below my private value but still competitive. This will allow me to gauge the other bidders' behavior and adjust my strategy accordingly in subsequent rounds."
0,Bidder Betty,27,24.9,False,24.9,0,common_value_second_gemini,V10,meta-llama/Meta-Llama-3-8B-Instruct,deep_infra,0.5,3,1,seal,second,common,0.1,1299,common_spsb.txt,2026-01-29_03-30-03-061237,03-31-30-539729,"Since this is the first round, I don't have any historical data to rely on. However, I will consider the fact that my private value for the prize is $27. I will start by bidding aggressively, aiming to win the prize, but not too aggressively to avoid overpaying. I will bid $24.9, which is slightly below my private value but still competitive. This will allow me to test the waters and see how the other bidders react. If I win, I will pay the second-highest bid, which will likely be lower than my private value. If I don't win, I will have a chance to adjust my strategy in the next round."
0,Bidder Charles,18,23.0,False,24.9,0,common_value_second_gemini,V10,meta-llama/Meta-Llama-3-8B-Instruct,deep_infra,0.5,3,1,seal,second,common,0.1,1299,common_spsb.txt,2026-01-29_03-30-03-061237,03-31-30-539729,"Since this is the first round, I'll start by observing the bids and adjusting my strategy accordingly. Since my private value is $18, I'll aim to bid slightly above the perceived value to account for the noise. I'll start with a bid of $23, which is above the perceived value but still relatively conservative. This will give me a chance to observe the competition and adjust my bid accordingly. I'll also keep in mind that my goal is to maximize profit in the long run, so I'll be cautious and adjust my bid up or down based on the competition. If I win, I'll pay the second-highest bid, and if I lose, I'll keep my earnings unchanged."
0,Bidder Andy,42,40.0,True,4.0,23.0,common_value_second_gemini,V10,meta-llama/Meta-Llama-3-8B-Instruct,deep_infra,0.5,3,1,seal,second,common,0.1,1299,common_spsb.txt,2026-01-29_03-30-03-061237,03-31-44-905315,"Since this is the first round, I don't have any historical data to inform my decision. However, I will start by bidding a moderate amount, taking into account my private value of $42. Since the common value is unknown, I will bid slightly below my private value to account for the noise in the perceived value. I will bid $40, which is $2 below my private value, to balance the risk of overpaying or underpaying. This strategy allows me to adapt to the common value and the competing bidders' bids in future rounds."
0,Bidder Betty,13,4.0,False,4.0,0,common_value_second_gemini,V10,meta-llama/Meta-Llama-3-8B-Instruct,deep_infra,0.5,3,1,seal,second,common,0.1,1299,common_spsb.txt,2026-01-29_03-30-03-061237,03-31-44-905315,"Since this is the first round, we don't have any historical data to rely on. However, we can still make an informed decision based on our private value. Our perceived value is $13, which is likely to be higher than the common value since it's a noisy measurement. Considering the possible range of the common value (20-29), it's likely to be around 25. Given this, we should bid aggressively to maximize our chances of winning. We'll start with a bid of $4, which is a reasonable starting point given our perceived value."
0,Bidder Charles,17,4.0,False,4.0,0,common_value_second_gemini,V10,meta-llama/Meta-Llama-3-8B-Instruct,deep_infra,0.5,3,1,seal,second,common,0.1,1299,common_spsb.txt,2026-01-29_03-30-03-061237,03-31-44-905315,"Since this is the first round, I will start by bidding a moderate amount to gauge the competition. Considering my private value is $17, I will bid $4. This is a relatively low bid, and I expect the other bidders to bid higher. I will also keep an eye on their bids to adjust my strategy accordingly. If I win, I will pay the second-highest bid, which I expect to be higher than my bid. This will minimize my losses if I don't win. If I don't win, I will reassess my strategy for the next round."
0,Bidder Andy,17,15.0,False,33.0,0,common_value_second_gemini,V10,meta-llama/Meta-Llama-3-8B-Instruct,deep_infra,0.5,3,1,seal,second,common,0.1,1299,common_spsb.txt,2026-01-29_03-30-03-061237,03-31-59-679231,"Since this is the first round, there is no history to consider. However, I will start by bidding a moderate amount to get a sense of the competition. Given my private value of $17, I will bid $15, which is slightly below my perceived value. This will allow me to gauge the competition and adjust my bid accordingly in the next round. I will also keep in mind that the true value is the common value, and my goal is to maximize my profit in the long run."
0,Bidder Betty,41,40.0,True,33.0,-4.0,common_value_second_gemini,V10,meta-llama/Meta-Llama-3-8B-Instruct,deep_infra,0.5,3,1,seal,second,common,0.1,1299,common_spsb.txt,2026-01-29_03-30-03-061237,03-31-59-679231,"As the first round, I will start by bidding a reasonable amount based on my perceived value. Since my private value is $41, I will bid $40, which is a safe starting point. I will observe the bids of other bidders, including Bidder Andy and Bidder Charles, to gauge their perceived values. If I see that they are bidding aggressively, I will adjust my bid accordingly. My goal is to maximize my profit in the long run, so I will aim to win the prize while keeping my bid reasonable."
0,Bidder Charles,33,33.0,False,33.0,0,common_value_second_gemini,V10,meta-llama/Meta-Llama-3-8B-Instruct,deep_infra,0.5,3,1,seal,second,common,0.1,1299,common_spsb.txt,2026-01-29_03-30-03-061237,03-31-59-679231,"Since this is the first round, I will start by bidding based on my private value of $33. Since I don't have any historical data to rely on, I will bid a conservative amount to ensure I don't overpay. I will start with a bid of $3.3, which is slightly above my perceived value. This will give me a chance to gauge the competition and adjust my strategy accordingly. If I win, I will pay the second-highest bid, which will be a reasonable amount considering my private value. If I lose, my earnings will remain unchanged, and I can adjust my strategy for the next round."
0,Bidder Andy,44,40.0,True,21.0,6.0,common_value_second_gemini,V10,meta-llama/Meta-Llama-3-8B-Instruct,deep_infra,0.5,3,1,seal,second,common,0.1,1299,common_spsb.txt,2026-01-29_03-30-03-061237,03-32-14-211715,"Since this is the first round, I don't have any historical data to rely on. However, since my private value for the item is $44, I will aim to bid as close to my true value as possible to maximize my expected profit. I will start with a bid of $40, which is a reasonable estimate considering the noise in the perceived value. This will give me a good chance of winning the prize and paying a reasonable price if I do."
0,Bidder Betty,18,20.0,False,21.0,0,common_value_second_gemini,V10,meta-llama/Meta-Llama-3-8B-Instruct,deep_infra,0.5,3,1,seal,second,common,0.1,1299,common_spsb.txt,2026-01-29_03-30-03-061237,03-32-14-211715,"Since this is the first round and I don't have any historical data to rely on, I will start by bidding aggressively to maximize my chances of winning. Given my private value of $18, I will aim to bid at least $19.50 to ensure I win the prize. I will bid $20.00 to start, as it is close to my perceived value and will give me a good chance of winning while minimizing my potential loss if I don't win."
0,Bidder Charles,15,21.0,False,21.0,0,common_value_second_gemini,V10,meta-llama/Meta-Llama-3-8B-Instruct,deep_infra,0.5,3,1,seal,second,common,0.1,1299,common_spsb.txt,2026-01-29_03-30-03-061237,03-32-14-211715,"Since this is the first round, I don't have any historical data to inform my bidding strategy. However, I can still make an educated guess based on the fact that the true value of the prize is the common value, which is drawn between 20 and 29. Given my private value of $15, I expect the true value to be around $22.5 (midpoint of the range). I will bid aggressively to maximize my expected profit. I will start with a bid of $2.1, which is slightly above the midpoint of my expected true value. This will give me a good chance of winning and paying a relatively low price if I do."
0,Bidder Andy,38,37.0,True,25.0,2.0,common_value_second_gemini,V10,meta-llama/Meta-Llama-3-8B-Instruct,deep_infra,0.5,3,1,seal,second,common,0.1,1299,common_spsb.txt,2026-01-29_03-30-03-061237,03-32-28-613558,"Since this is the first round and I don't have any history to learn from, I'll focus on maximizing my profit by bidding based on my private value. As my perceived value is $38, I'll bid slightly below it to account for the noise in the system. I'll bid $37, which is a reasonable compromise between my true value and the potential noise. This strategy aims to minimize the risk of overbidding and maximize my chances of winning while keeping my potential loss in check."
0,Bidder Betty,27,24.9,False,25.0,0,common_value_second_gemini,V10,meta-llama/Meta-Llama-3-8B-Instruct,deep_infra,0.5,3,1,seal,second,common,0.1,1299,common_spsb.txt,2026-01-29_03-30-03-061237,03-32-28-613558,"Since this is the first round, I don't have any historical data to rely on. However, I will consider the fact that my private value for the prize is $27. I will start by bidding aggressively, aiming to win the prize, but not too aggressively to avoid overpaying. I will bid $24.9, which is slightly below my private value but still competitive. This will allow me to test the waters and see how the other bidders react. If I win, I will pay the second-highest bid, which will likely be lower than my private value. If I don't win, I will have a chance to adjust my strategy in the next round."
0,Bidder Charles,21,25.0,False,25.0,0,common_value_second_gemini,V10,meta-llama/Meta-Llama-3-8B-Instruct,deep_infra,0.5,3,1,seal,second,common,0.1,1299,common_spsb.txt,2026-01-29_03-30-03-061237,03-32-28-613558,"Since this is the first round, I don't have any historical data to inform my bidding strategy. However, I will start by bidding conservatively, as I don't know the true value of the prize. Given my private value of $21, I will bid slightly above the midpoint of the possible range, which is $24.5. I will round up to the nearest $0.1 increment, making my bid $25. This will give me a good chance of winning while minimizing my potential loss if I don't win."
0,Bidder Andy,39,24.0,False,24.0,0,common_value_second_gemini,V10,meta-llama/Meta-Llama-3-8B-Instruct,deep_infra,0.5,3,1,seal,second,common,0.1,1299,common_spsb.txt,2026-01-29_03-30-03-061237,03-32-43-040375,"Since this is the first round, I don't have any historical data to inform my bidding strategy. However, I will start by bidding conservatively, given that I don't know the other bidders' perceived values. I will bid $24, which is a reasonable starting point that is not too aggressive. This will allow me to gauge the competition and adjust my strategy accordingly. I will also keep in mind that the true value of the prize is the common value, which is unknown to me, and that my goal is to maximize my profit in the long run."
0,Bidder Betty,38,25.0,True,24.0,-1.0,common_value_second_gemini,V10,meta-llama/Meta-Llama-3-8B-Instruct,deep_infra,0.5,3,1,seal,second,common,0.1,1299,common_spsb.txt,2026-01-29_03-30-03-061237,03-32-43-040375,"Since this is the first round, I don't have any historical data to learn from. I'll rely on my initial perceived value of $38. Given the range of possible common values (20-29) and private noise adjustments (-20 to 20), there's a high chance that the true value of the prize is closer to the lower end of the range. To maximize my profit, I'll bid aggressively, but not too high, to increase my chances of winning. I'll start with a bid of $25, which is lower than my perceived value but still competitive."
0,Bidder Charles,20,5.0,False,24.0,0,common_value_second_gemini,V10,meta-llama/Meta-Llama-3-8B-Instruct,deep_infra,0.5,3,1,seal,second,common,0.1,1299,common_spsb.txt,2026-01-29_03-30-03-061237,03-32-43-040375,"Since this is the first round, I will start by bidding a moderate amount to gauge the competition and get a sense of the other bidders' perceived values. Given my private value of $20, I will bid $5, which is a relatively low amount to minimize my potential loss if I don't win. I will also keep an eye on the other bidders' bids to adjust my strategy accordingly in subsequent rounds."
0,Bidder Andy,22,4.1,False,4.1,0,common_value_second_gemini,V10,meta-llama/Meta-Llama-3-8B-Instruct,deep_infra,0.5,3,1,seal,second,common,0.1,1299,common_spsb.txt,2026-01-29_03-30-03-061237,03-32-57-504249,"Since this is the first round, I don't have any historical information to rely on. I will start by bidding a moderate amount, taking into account my private value of $22. I will bid $4.1, which is slightly above the midpoint of my perceived value and the lowest possible bid. This strategy allows me to increase my chances of winning while also keeping my potential loss in check. If I win, I will pay a relatively low amount, and if I lose, I will have a good chance of winning in future rounds."
0,Bidder Betty,22,12.0,True,4.1,17.9,common_value_second_gemini,V10,meta-llama/Meta-Llama-3-8B-Instruct,deep_infra,0.5,3,1,seal,second,common,0.1,1299,common_spsb.txt,2026-01-29_03-30-03-061237,03-32-57-504249,"Since this is the first round and I don't have any historical data to rely on, I'll start by bidding conservatively to get a sense of the competition. I'll bid $12, which is slightly above the minimum possible bid of $0.1. This will give me a good chance of winning without overpaying for the prize. I'll also keep an eye on the bids of the other players to adjust my strategy accordingly. If I win, I'll pay the second-highest bid, which will be a good starting point for future rounds. If I don't win, I'll reassess my strategy and adjust my bid for the next round."
0,Bidder Charles,7,2.0,False,4.1,0,common_value_second_gemini,V10,meta-llama/Meta-Llama-3-8B-Instruct,deep_infra,0.5,3,1,seal,second,common,0.1,1299,common_spsb.txt,2026-01-29_03-30-03-061237,03-32-57-504249,"Since this is the first round, I don't have any historical data to inform my bidding strategy. However, I will start by bidding conservatively, as I don't want to overpay for the prize. Given my private value of $7, I will aim to bid below the true value to maximize my expected profit. I will start by bidding $2, which is a relatively low amount, but still competitive. This will allow me to gauge the other bidders' behavior and adjust my strategy accordingly."
0,Bidder Andy,40,30.0,False,30.0,0,common_value_second_gemini,V10,meta-llama/Meta-Llama-3-8B-Instruct,deep_infra,0.5,3,1,seal,second,common,0.1,1299,common_spsb.txt,2026-01-29_03-30-03-061237,03-33-12-053418,"Since this is the first round, I don't have any historical data to rely on. However, I know that my private value is $40, which is higher than the common value range of 20-29. I'll start by bidding a moderate amount, taking into account the noise adjustment. I'll bid $30, which is above the common value range but not too aggressive, given the noise. This will allow me to gain an advantage if the noise adjustment is low, while also leaving room for adjustments in future rounds if needed."
0,Bidder Betty,42,41.0,True,30.0,-2.0,common_value_second_gemini,V10,meta-llama/Meta-Llama-3-8B-Instruct,deep_infra,0.5,3,1,seal,second,common,0.1,1299,common_spsb.txt,2026-01-29_03-30-03-061237,03-33-12-053418,"Since this is the first round, I don't have any historical data to rely on. However, I can still develop a strategy based on the given information. Since my private value is $42, I will aim to maximize my profit by bidding a value that is close to my perceived value. I will start by bidding a value that is slightly higher than my perceived value to account for any potential noise in the bidding process. I will also keep in mind that the other bidders may have different perceived values, and I will adjust my bid accordingly. My goal is to win the auction and maximize my profit by paying as little as possible while still winning the prize."
0,Bidder Charles,25,15.0,False,30.0,0,common_value_second_gemini,V10,meta-llama/Meta-Llama-3-8B-Instruct,deep_infra,0.5,3,1,seal,second,common,0.1,1299,common_spsb.txt,2026-01-29_03-30-03-061237,03-33-12-053418,"Since this is the first round, I don't have any historical data to inform my bidding strategy. However, I will start by bidding a moderate amount to gauge the competition. Given my private value is $25, I will bid $15, which is below my perceived value. This allows me to leave room for potential adjustments in subsequent rounds while still being competitive. I will also keep an eye on the other bidders' bids to adjust my strategy accordingly."
0,Bidder Andy,36,24.0,True,24.0,5.0,common_value_second_gemini,V10,meta-llama/Meta-Llama-3-8B-Instruct,deep_infra,0.5,3,1,seal,second,common,0.1,1299,common_spsb.txt,2026-01-29_03-30-03-061237,03-33-26-590171,"Since this is the first round, I'll start by observing the bidding behavior of the other bidders. I'll bid a moderate amount, $24, to gauge their response. If I win, I'll pay a relatively low amount, which will allow me to adjust my bidding strategy for the next round based on the outcome. If I don't win, I'll reassess my perceived value and adjust my bid accordingly. My goal is to maximize my profit in the long run by learning from the bidding process."
0,Bidder Betty,22,12.0,False,24.0,0,common_value_second_gemini,V10,meta-llama/Meta-Llama-3-8B-Instruct,deep_infra,0.5,3,1,seal,second,common,0.1,1299,common_spsb.txt,2026-01-29_03-30-03-061237,03-33-26-590171,"Since this is the first round and I don't have any historical data to rely on, I'll start by bidding conservatively to get a sense of the competition. I'll bid $12, which is slightly above the minimum possible bid of $0.1. This will give me a good chance of winning without overpaying for the prize. I'll also keep an eye on the bids of the other players to adjust my strategy accordingly. If I win, I'll pay the second-highest bid, which will be a good starting point for future rounds. If I don't win, I'll reassess my strategy and adjust my bid for the next round."
0,Bidder Charles,48,24.0,False,24.0,0,common_value_second_gemini,V10,meta-llama/Meta-Llama-3-8B-Instruct,deep_infra,0.5,3,1,seal,second,common,0.1,1299,common_spsb.txt,2026-01-29_03-30-03-061237,03-33-26-590171,"Since this is the first round, I don't have any historical data to inform my decision. However, I can still use my private value of $48 as a reference. Since the true value of the prize is the common value, which is between 20 and 29, I expect the true value to be relatively low. I will start by bidding a moderate amount, $24, to gauge the competition and leave room for future adjustments. This bid is also close to my private value, which will help me in case I win and need to pay the second-highest bid."
0,Bidder Andy,9,41.0,True,23.5,2.5,common_value_second_gemini,V10,meta-llama/Meta-Llama-3-8B-Instruct,deep_infra,0.5,3,1,seal,second,common,0.1,1299,common_spsb.txt,2026-01-29_03-30-03-061237,03-33-41-325694,"Since this is the first round, I don't have any historical data to inform my bidding strategy. However, I'll rely on my understanding of the auction mechanism and the fact that my private value for the prize is $9. I'll bid aggressively to maximize my expected profit. I'll start with a bid of $4.1, which is slightly above the minimum possible bid. This will allow me to gauge the competition and adjust my bid accordingly. If I win, I'll pay the second-highest bid, which will be at most $3.9. My expected profit would be $5.1 ($9 - $4.1). If I don't win, my earnings will remain unchanged. I'll be prepared to adjust my bid in subsequent rounds based on the outcome of this round."
0,Bidder Betty,32,23.5,False,23.5,0,common_value_second_gemini,V10,meta-llama/Meta-Llama-3-8B-Instruct,deep_infra,0.5,3,1,seal,second,common,0.1,1299,common_spsb.txt,2026-01-29_03-30-03-061237,03-33-41-325694,"Since this is the first round, I'll start by bidding a moderate amount to gauge the competition. Given my private value of $32, I'll aim to bid a value that's slightly above the perceived value, but not so high that it's likely to be the highest bid. I'll start with a bid of $23.50, which is close to my private value but not too aggressive. This will give me a good chance of winning while minimizing my potential loss if I don't win."
0,Bidder Charles,41,20.0,False,23.5,0,common_value_second_gemini,V10,meta-llama/Meta-Llama-3-8B-Instruct,deep_infra,0.5,3,1,seal,second,common,0.1,1299,common_spsb.txt,2026-01-29_03-30-03-061237,03-33-41-325694,"Since this is the first round, I don't have any historical data to rely on. However, I know that my private value for the item is $41, which is higher than the common value range of 20-29. I will bid aggressively to maximize my expected profit. I will start with a bid of $20, which is the lowest possible bid that is higher than the common value range. This will give me a good chance of winning and minimize my potential loss if I lose."
0,Bidder Andy,22,4.1,False,10.0,0,common_value_second_gemini,V10,meta-llama/Meta-Llama-3-8B-Instruct,deep_infra,0.5,3,1,seal,second,common,0.1,1299,common_spsb.txt,2026-01-29_03-30-03-061237,03-33-55-704202,"Since this is the first round, I don't have any historical information to rely on. I will start by bidding a moderate amount, taking into account my private value of $22. I will bid $4.1, which is slightly above the midpoint of my perceived value and the lowest possible bid. This strategy allows me to increase my chances of winning while also keeping my potential loss in check. If I win, I will pay a relatively low amount, and if I lose, I will have a good chance of winning in future rounds."
0,Bidder Betty,30,25.0,True,10.0,16.0,common_value_second_gemini,V10,meta-llama/Meta-Llama-3-8B-Instruct,deep_infra,0.5,3,1,seal,second,common,0.1,1299,common_spsb.txt,2026-01-29_03-30-03-061237,03-33-55-704202,"Since this is the first round, I'll start by bidding a moderate amount to gauge the competition. Given my private value of $30, I'll bid $25, which is slightly below my perceived value. This allows me to learn more about the other bidders' perceived values while keeping my options open for future rounds. I'll also keep an eye on the common value, which could influence the other bidders' bids. By bidding $25, I'm not overcommitting and can adjust my strategy accordingly in future rounds."
0,Bidder Charles,19,10.0,False,10.0,0,common_value_second_gemini,V10,meta-llama/Meta-Llama-3-8B-Instruct,deep_infra,0.5,3,1,seal,second,common,0.1,1299,common_spsb.txt,2026-01-29_03-30-03-061237,03-33-55-704202,"Since this is the first round, I don't have any historical data to inform my bidding strategy. However, I can still make an educated guess based on the fact that the common value is drawn between 20 and 29. Given my private value of $19, I'm likely to bid below the common value to avoid overpaying. I'll start with a bid of $10, which is a reasonable starting point considering the noise adjustment. I'll also keep in mind that I don't have any information about the other bidders' values, so I'll aim to bid competitively but not excessively."
0,Bidder Andy,18,2.1,False,2.1,0,common_value_second_gemini,V10,meta-llama/Meta-Llama-3-8B-Instruct,deep_infra,0.5,3,1,seal,second,common,0.1,1299,common_spsb.txt,2026-01-29_03-30-03-061237,03-34-10-004449,"Since this is the first round, I don't have any historical data to rely on. However, I will consider the uncertainty of the true value of the prize. Given my private value of $18, I will start with a conservative bid to minimize the risk of overpaying. I will bid $2.10, which is slightly above the minimum bid of $2.00. This will give me a good chance of winning the prize without overpaying. If I win, I will pay the second-highest bid, which is likely to be around $1.00. If I lose, my earnings will remain unchanged. This strategy aims to maximize my profit in the long run by minimizing the risk of overpayment."
0,Bidder Betty,10,22.0,True,2.1,20.9,common_value_second_gemini,V10,meta-llama/Meta-Llama-3-8B-Instruct,deep_infra,0.5,3,1,seal,second,common,0.1,1299,common_spsb.txt,2026-01-29_03-30-03-061237,03-34-10-004449,"Since this is the first round, I don't have any historical data to rely on. However, I know that my private value for the prize is $10, which is higher than the common value of 21-29. To maximize my profit, I'll aim to win the auction by bidding slightly above the common value. I'll start with a bid of $22, which is $2 above the common value. This will give me a good chance of winning while minimizing my potential loss if I don't win."
0,Bidder Charles,7,2.0,False,2.1,0,common_value_second_gemini,V10,meta-llama/Meta-Llama-3-8B-Instruct,deep_infra,0.5,3,1,seal,second,common,0.1,1299,common_spsb.txt,2026-01-29_03-30-03-061237,03-34-10-004449,"Since this is the first round, I don't have any historical data to inform my bidding strategy. However, I will start by bidding conservatively, as I don't want to overpay for the prize. Given my private value of $7, I will aim to bid below the true value to maximize my expected profit. I will start by bidding $2, which is a relatively low amount, but still competitive. This will allow me to gauge the other bidders' behavior and adjust my strategy accordingly."
0,Bidder Andy,29,29.0,True,28.1,0.8999999999999986,common_value_second_gemini,V10,meta-llama/Meta-Llama-3-8B-Instruct,deep_infra,0.5,3,1,seal,second,common,0.1,1299,common_spsb.txt,2026-01-29_03-30-03-061237,03-34-24-452576,"Since this is the first round, I don't have any historical data to rely on. However, I know that my perceived value is $29, which is the true value of the prize. I will bid the true value to maximize my profit. Since bids must be in $0.1 increments, I will round up to the nearest $0.1 to ensure I win and pay the minimum possible amount. Therefore, I will bid $29.0."
0,Bidder Betty,29,28.1,False,28.1,0,common_value_second_gemini,V10,meta-llama/Meta-Llama-3-8B-Instruct,deep_infra,0.5,3,1,seal,second,common,0.1,1299,common_spsb.txt,2026-01-29_03-30-03-061237,03-34-24-452576,"Since this is the first round, I don't have any historical data to inform my bidding strategy. However, I'll start by bidding an amount that's slightly higher than my perceived value to account for the noise in the private adjustments. I'll bid $28.1, which is 0.9 units lower than my perceived value of $29. This will give me a good chance of winning the prize while minimizing my potential losses if I don't win."
0,Bidder Charles,15,21.0,False,28.1,0,common_value_second_gemini,V10,meta-llama/Meta-Llama-3-8B-Instruct,deep_infra,0.5,3,1,seal,second,common,0.1,1299,common_spsb.txt,2026-01-29_03-30-03-061237,03-34-24-452576,"Since this is the first round, I don't have any historical data to inform my bidding strategy. However, I can still make an educated guess based on the fact that the true value of the prize is the common value, which is drawn between 20 and 29. Given my private value of $15, I expect the true value to be around $22.5 (midpoint of the range). I will bid aggressively to maximize my expected profit. I will start with a bid of $2.1, which is slightly above the midpoint of my expected true value. This will give me a good chance of winning and paying a relatively low price if I do."
0,Bidder Andy,32,30.0,True,25.0,-1.0,common_value_second_gemini,V10,meta-llama/Meta-Llama-3-8B-Instruct,deep_infra,0.5,3,1,seal,second,common,0.1,1299,common_spsb.txt,2026-01-29_03-30-03-061237,03-34-38-926635,"Since this is the first round, I don't have any historical data to rely on. However, I know that my private value for the prize is $32, and I want to maximize my profit in the long run. I'll start by bidding a moderate amount, taking into account the noise in the perceived value. I'll bid $30, which is slightly below my private value but still competitive. This will allow me to gauge the other bidders' behavior and adjust my strategy accordingly in subsequent rounds."
0,Bidder Betty,38,25.0,False,25.0,0,common_value_second_gemini,V10,meta-llama/Meta-Llama-3-8B-Instruct,deep_infra,0.5,3,1,seal,second,common,0.1,1299,common_spsb.txt,2026-01-29_03-30-03-061237,03-34-38-926635,"Since this is the first round, I don't have any historical data to learn from. I'll rely on my initial perceived value of $38. Given the range of possible common values (20-29) and private noise adjustments (-20 to 20), there's a high chance that the true value of the prize is closer to the lower end of the range. To maximize my profit, I'll bid aggressively, but not too high, to increase my chances of winning. I'll start with a bid of $25, which is lower than my perceived value but still competitive."
0,Bidder Charles,25,15.0,False,25.0,0,common_value_second_gemini,V10,meta-llama/Meta-Llama-3-8B-Instruct,deep_infra,0.5,3,1,seal,second,common,0.1,1299,common_spsb.txt,2026-01-29_03-30-03-061237,03-34-38-926635,"Since this is the first round, I don't have any historical data to inform my bidding strategy. However, I will start by bidding a moderate amount to gauge the competition. Given my private value is $25, I will bid $15, which is below my perceived value. This allows me to leave room for potential adjustments in subsequent rounds while still being competitive. I will also keep an eye on the other bidders' bids to adjust my strategy accordingly."
0,Bidder Andy,24,21.0,False,21.0,0,common_value_second_gemini,V10,meta-llama/Meta-Llama-3-8B-Instruct,deep_infra,0.5,3,1,seal,second,common,0.1,1299,common_spsb.txt,2026-01-29_03-30-03-061237,03-34-49-044337,"Since this is the first round, I don't have any historical data to inform my bidding strategy. However, I'll start by bidding a moderate amount to get a sense of the competition. Given my private value of $24, I'll aim to bid around $20-$22 to leave room for potential adjustments in future rounds. I'll also keep an eye on Bidder Betty and Bidder Charles' bidding patterns to adjust my strategy accordingly. My plan is to bid $21."
0,Bidder Betty,37,25.0,True,21.0,5.0,common_value_second_gemini,V10,meta-llama/Meta-Llama-3-8B-Instruct,deep_infra,0.5,3,1,seal,second,common,0.1,1299,common_spsb.txt,2026-01-29_03-30-03-061237,03-34-49-044337,"Since this is the first round, I'll start by bidding a relatively low amount to gauge the competition. Given my private value of $37, I'll aim to bid above the expected average value of $24.5 (midpoint of 20-29 common value range). I'll start with a bid of $25, which is slightly above the expected average and leaves room for adjustments in future rounds. This will also help me understand the other bidders' strategies and adjust my bidding accordingly."
0,Bidder Charles,10,3.5,False,21.0,0,common_value_second_gemini,V10,meta-llama/Meta-Llama-3-8B-Instruct,deep_infra,0.5,3,1,seal,second,common,0.1,1299,common_spsb.txt,2026-01-29_03-30-03-061237,03-34-49-044337,"Since this is the first round, I will start by bidding a moderate amount to gauge the competition. Given my private value of $10, I will aim to bid slightly above the expected noise adjustment. I will bid $3.50, which is a reasonable starting point that balances the risk of overpaying with the potential gain of winning the prize. I will observe the other bidders' responses and adjust my strategy accordingly in future rounds."
0,Bidder Andy,11,0.1,False,3.5,0,common_value_second_gemini,V10,meta-llama/Meta-Llama-3-8B-Instruct,deep_infra,0.5,3,1,seal,second,common,0.1,1299,common_spsb.txt,2026-01-29_03-30-03-061237,03-35-03-388004,"Since this is the first round, I don't have any historical data to inform my strategy. However, I can still reason out a bidding strategy based on the information provided. Since my private value for the item is $11, I want to maximize my expected profit. I will start by bidding a small amount to gauge the competition. Since the minimum bid increment is $0.1, I will bid $0.1. This allows me to get a sense of the competition without overcommitting. If I win, I will pay the second-highest bid, which is likely to be lower than my private value. If I don't win, I will have lost a small amount."
0,Bidder Betty,36,27.0,True,3.5,18.5,common_value_second_gemini,V10,meta-llama/Meta-Llama-3-8B-Instruct,deep_infra,0.5,3,1,seal,second,common,0.1,1299,common_spsb.txt,2026-01-29_03-30-03-061237,03-35-03-388004,"Since this is the first round, I don't have any historical data to rely on. However, I can still make an informed decision based on my private value. Since my perceived value is $36, which is higher than the common value range of 20-29, I expect the true value to be around $25. Considering the noise adjustment, I'll bid slightly above the expected true value to increase my chances of winning. I'll start with a bid of $27, which is $2 above the expected true value and $1 above the highest possible common value. This bid is also low enough to allow me to adjust my strategy based on the competition's bids."
0,Bidder Charles,10,3.5,False,3.5,0,common_value_second_gemini,V10,meta-llama/Meta-Llama-3-8B-Instruct,deep_infra,0.5,3,1,seal,second,common,0.1,1299,common_spsb.txt,2026-01-29_03-30-03-061237,03-35-03-388004,"Since this is the first round, I will start by bidding a moderate amount to gauge the competition. Given my private value of $10, I will aim to bid slightly above the expected noise adjustment. I will bid $3.50, which is a reasonable starting point that balances the risk of overpaying with the potential gain of winning the prize. I will observe the other bidders' responses and adjust my strategy accordingly in future rounds."
0,Bidder Andy,36,24.0,False,24.0,0,common_value_second_gemini,V10,meta-llama/Meta-Llama-3-8B-Instruct,deep_infra,0.5,3,1,seal,second,common,0.1,1299,common_spsb.txt,2026-01-29_03-30-03-061237,03-35-17-938857,"Since this is the first round, I'll start by observing the bidding behavior of the other bidders. I'll bid a moderate amount, $24, to gauge their response. If I win, I'll pay a relatively low amount, which will allow me to adjust my bidding strategy for the next round based on the outcome. If I don't win, I'll reassess my perceived value and adjust my bid accordingly. My goal is to maximize my profit in the long run by learning from the bidding process."
0,Bidder Betty,22,12.0,False,24.0,0,common_value_second_gemini,V10,meta-llama/Meta-Llama-3-8B-Instruct,deep_infra,0.5,3,1,seal,second,common,0.1,1299,common_spsb.txt,2026-01-29_03-30-03-061237,03-35-17-938857,"Since this is the first round and I don't have any historical data to rely on, I'll start by bidding conservatively to get a sense of the competition. I'll bid $12, which is slightly above the minimum possible bid of $0.1. This will give me a good chance of winning without overpaying for the prize. I'll also keep an eye on the bids of the other players to adjust my strategy accordingly. If I win, I'll pay the second-highest bid, which will be a good starting point for future rounds. If I don't win, I'll reassess my strategy and adjust my bid for the next round."
0,Bidder Charles,22,24.0,True,24.0,4.0,common_value_second_gemini,V10,meta-llama/Meta-Llama-3-8B-Instruct,deep_infra,0.5,3,1,seal,second,common,0.1,1299,common_spsb.txt,2026-01-29_03-30-03-061237,03-35-17-938857,"Since this is the first round, I don't have any historical data to inform my bidding strategy. However, I can still make an educated guess based on the perception of my private value for the prize. My perceived value is $22, which is likely to be higher than the common value, which is drawn between 20 and 29. I will start by bidding a moderate amount, $24, to test the waters and gauge the competition. This bid is also close enough to my perceived value to give me a good chance of winning if the common value is low."
0,Bidder Andy,24,21.0,False,21.0,0,common_value_second_gemini,V10,meta-llama/Meta-Llama-3-8B-Instruct,deep_infra,0.5,3,1,seal,second,common,0.1,1299,common_spsb.txt,2026-01-29_03-30-03-061237,03-35-32-426006,"Since this is the first round, I don't have any historical data to inform my bidding strategy. However, I'll start by bidding a moderate amount to get a sense of the competition. Given my private value of $24, I'll aim to bid around $20-$22 to leave room for potential adjustments in future rounds. I'll also keep an eye on Bidder Betty and Bidder Charles' bidding patterns to adjust my strategy accordingly. My plan is to bid $21."
0,Bidder Betty,27,24.9,True,21.0,5.0,common_value_second_gemini,V10,meta-llama/Meta-Llama-3-8B-Instruct,deep_infra,0.5,3,1,seal,second,common,0.1,1299,common_spsb.txt,2026-01-29_03-30-03-061237,03-35-32-426006,"Since this is the first round, I don't have any historical data to rely on. However, I will consider the fact that my private value for the prize is $27. I will start by bidding aggressively, aiming to win the prize, but not too aggressively to avoid overpaying. I will bid $24.9, which is slightly below my private value but still competitive. This will allow me to test the waters and see how the other bidders react. If I win, I will pay the second-highest bid, which will likely be lower than my private value. If I don't win, I will have a chance to adjust my strategy in the next round."
0,Bidder Charles,15,21.0,False,21.0,0,common_value_second_gemini,V10,meta-llama/Meta-Llama-3-8B-Instruct,deep_infra,0.5,3,1,seal,second,common,0.1,1299,common_spsb.txt,2026-01-29_03-30-03-061237,03-35-32-426006,"Since this is the first round, I don't have any historical data to inform my bidding strategy. However, I can still make an educated guess based on the fact that the true value of the prize is the common value, which is drawn between 20 and 29. Given my private value of $15, I expect the true value to be around $22.5 (midpoint of the range). I will bid aggressively to maximize my expected profit. I will start with a bid of $2.1, which is slightly above the midpoint of my expected true value. This will give me a good chance of winning and paying a relatively low price if I do."
0,Bidder Andy,35,27.0,False,27.0,0,common_value_second_gemini,V10,meta-llama/Meta-Llama-3-8B-Instruct,deep_infra,0.5,3,1,seal,second,common,0.1,1299,common_spsb.txt,2026-01-29_03-30-03-061237,03-35-42-638605,"Since this is the first round, I'll start by bidding a moderate amount to gauge the competition. Given my private value of $35, I'll aim to bid around $25-$28 to leave some room for potential adjustments in future rounds. I'll also keep an eye on the perceived values of the other bidders to adjust my strategy accordingly. My goal is to maximize my profit in the long run by winning the prize at a reasonable price or losing at a low cost."
0,Bidder Betty,29,28.1,True,27.0,0.0,common_value_second_gemini,V10,meta-llama/Meta-Llama-3-8B-Instruct,deep_infra,0.5,3,1,seal,second,common,0.1,1299,common_spsb.txt,2026-01-29_03-30-03-061237,03-35-42-638605,"Since this is the first round, I don't have any historical data to inform my bidding strategy. However, I'll start by bidding an amount that's slightly higher than my perceived value to account for the noise in the private adjustments. I'll bid $28.1, which is 0.9 units lower than my perceived value of $29. This will give me a good chance of winning the prize while minimizing my potential losses if I don't win."
0,Bidder Charles,9,11.0,False,27.0,0,common_value_second_gemini,V10,meta-llama/Meta-Llama-3-8B-Instruct,deep_infra,0.5,3,1,seal,second,common,0.1,1299,common_spsb.txt,2026-01-29_03-30-03-061237,03-35-42-638605,"Since this is the first round, I don't have any historical data to rely on. However, I can still develop a strategy based on the given information. Since my private value is $9, I want to maximize my profit by bidding close to my perceived value. I'll start with a bid of $1.10, which is slightly above my private value to account for the noisy adjustment. This bid is also low enough to not scare off the other bidders. I'll observe their bids and adjust my strategy accordingly in the next round."
0,Bidder Andy,35,27.0,True,26.0,1.0,common_value_second_gemini,V10,meta-llama/Meta-Llama-3-8B-Instruct,deep_infra,0.5,3,1,seal,second,common,0.1,1299,common_spsb.txt,2026-01-29_03-30-03-061237,03-35-57-009859,"Since this is the first round, I'll start by bidding a moderate amount to gauge the competition. Given my private value of $35, I'll aim to bid around $25-$28 to leave some room for potential adjustments in future rounds. I'll also keep an eye on the perceived values of the other bidders to adjust my strategy accordingly. My goal is to maximize my profit in the long run by winning the prize at a reasonable price or losing at a low cost."
0,Bidder Betty,31,20.0,False,26.0,0,common_value_second_gemini,V10,meta-llama/Meta-Llama-3-8B-Instruct,deep_infra,0.5,3,1,seal,second,common,0.1,1299,common_spsb.txt,2026-01-29_03-30-03-061237,03-35-57-009859,"Since this is the first round, I don't have any historical data to rely on. However, I know that my private value for the prize is $31. To maximize my profit, I will bid aggressively, as I have a high perceived value. I will start with a bid of $20, which is a relatively low bid to begin with. This will give me room to adjust my bid upwards if necessary. If I win, I will pay the second-highest bid, which will likely be lower than my perceived value. If I lose, my earnings will remain unchanged."
0,Bidder Charles,27,26.0,False,26.0,0,common_value_second_gemini,V10,meta-llama/Meta-Llama-3-8B-Instruct,deep_infra,0.5,3,1,seal,second,common,0.1,1299,common_spsb.txt,2026-01-29_03-30-03-061237,03-35-57-009859,"Since this is the first round, I don't have any prior information to learn from. However, I can still make an informed decision based on my private value. Since my perceived value is $27, I know that the true value is likely to be between $20 and $29. Given that the bids must be in $0.1 increments, I will bid $26 to maximize my expected profit. This bid is high enough to have a chance of winning, but low enough to minimize my potential loss if I don't win."
0,Bidder Andy,21,22.0,False,22.0,0,common_value_second_gemini,V10,meta-llama/Meta-Llama-3-8B-Instruct,deep_infra,0.5,3,1,seal,second,common,0.1,1299,common_spsb.txt,2026-01-29_03-30-03-061237,03-36-11-387249,"Since this is the first round, I don't have any historical data to inform my bidding strategy. However, I can make an educated guess based on the perceived value of $21. Since my private value is $21, which is slightly above the common value range of 20-29, I'll start with a relatively high bid to increase my chances of winning. I'll bid $22, which is just above my perceived value, to account for the noisy adjustment. This will also give me some room to adjust my bid in subsequent rounds if necessary."
0,Bidder Betty,25,15.0,False,22.0,0,common_value_second_gemini,V10,meta-llama/Meta-Llama-3-8B-Instruct,deep_infra,0.5,3,1,seal,second,common,0.1,1299,common_spsb.txt,2026-01-29_03-30-03-061237,03-36-11-387249,"Since this is the first round, I will start by bidding conservatively to gather information about the other bidders' perceived values. I will bid $15, which is below my private value of $25. This will allow me to learn more about the other bidders' strategies and adjust my bidding accordingly in the next round. Additionally, bidding low will also minimize my potential loss if I do not win the auction."
0,Bidder Charles,24,23.9,True,22.0,7.0,common_value_second_gemini,V10,meta-llama/Meta-Llama-3-8B-Instruct,deep_infra,0.5,3,1,seal,second,common,0.1,1299,common_spsb.txt,2026-01-29_03-30-03-061237,03-36-11-387249,"Since it's the first round, I don't have any historical data to inform my bidding strategy. However, I know that my true value for the prize is $24, and I want to maximize my profit in the long run. I will start by bidding a moderate amount that is likely to win, but not too high to lose too much if I don't win. Considering the possible range of perceived values (20-29), I will bid $23.9, which is slightly below my true value to account for the noise in the perceived value. This will give me a good chance of winning while minimizing my potential loss if I don't win."
0,Bidder Andy,13,13.1,False,25.0,0,common_value_second_gemini,V10,meta-llama/Meta-Llama-3-8B-Instruct,deep_infra,0.5,3,1,seal,second,common,0.1,1299,common_spsb.txt,2026-01-29_03-30-03-061237,03-36-25-933188,"Since this is the first round, I have no historical data to rely on. However, I can still make an informed decision. Given my private value of $13, I should bid at least $13 to maximize my expected profit. Since the bid increments are in $0.1, I will bid $13.10 to ensure I win the auction and pay the minimum possible amount. This strategy is based on the assumption that the other bidders will also bid based on their perceived values, which may not accurately reflect the true value of the prize."
0,Bidder Betty,7,41.0,True,25.0,2.0,common_value_second_gemini,V10,meta-llama/Meta-Llama-3-8B-Instruct,deep_infra,0.5,3,1,seal,second,common,0.1,1299,common_spsb.txt,2026-01-29_03-30-03-061237,03-36-25-933188,"Since this is the first round, I'll start by bidding conservatively. Given my private value of $7, I'll aim to bid slightly above the midpoint of the possible range. This will give me a good chance of winning without overpaying. I'll bid $4.1, which is a reasonable starting point. If I win, I'll make a profit of $2.9 ($7 - $4.1). If I don't win, I'll still have a chance to adjust my bid in subsequent rounds based on the outcome."
0,Bidder Charles,47,25.0,False,25.0,0,common_value_second_gemini,V10,meta-llama/Meta-Llama-3-8B-Instruct,deep_infra,0.5,3,1,seal,second,common,0.1,1299,common_spsb.txt,2026-01-29_03-30-03-061237,03-36-25-933188,"Since this is the first round, I'll start by bidding a moderate amount to get a sense of the competition. Given my private value of $47, I'll bid slightly above the midpoint of the possible values. I'll choose a bid of $25, which is a reasonable starting point. This bid is unlikely to deter other bidders but will give me a chance to learn more about their perceived values in subsequent rounds. I'll also keep an eye on the other bidders' bids to adjust my strategy accordingly."
0,Bidder Andy,37,24.0,False,24.0,0,common_value_second_gemini,V10,meta-llama/Meta-Llama-3-8B-Instruct,deep_infra,0.5,3,1,seal,second,common,0.1,1299,common_spsb.txt,2026-01-29_03-30-03-061237,03-36-40-776449,"Since this is the first round, I don't have any historical data to rely on. However, I know that the true value of the prize is the common value, which is unknown to me. My perceived value is $37, which is likely to be higher than the true value. I will bid aggressively to maximize my profit. I will start with a bid of $24, which is relatively low but still competitive. This will allow me to gauge the competition and adjust my bid accordingly."
0,Bidder Betty,36,27.0,True,24.0,-1.0,common_value_second_gemini,V10,meta-llama/Meta-Llama-3-8B-Instruct,deep_infra,0.5,3,1,seal,second,common,0.1,1299,common_spsb.txt,2026-01-29_03-30-03-061237,03-36-40-776449,"Since this is the first round, I don't have any historical data to rely on. However, I can still make an informed decision based on my private value. Since my perceived value is $36, which is higher than the common value range of 20-29, I expect the true value to be around $25. Considering the noise adjustment, I'll bid slightly above the expected true value to increase my chances of winning. I'll start with a bid of $27, which is $2 above the expected true value and $1 above the highest possible common value. This bid is also low enough to allow me to adjust my strategy based on the competition's bids."
0,Bidder Charles,23,15.0,False,24.0,0,common_value_second_gemini,V10,meta-llama/Meta-Llama-3-8B-Instruct,deep_infra,0.5,3,1,seal,second,common,0.1,1299,common_spsb.txt,2026-01-29_03-30-03-061237,03-36-40-776449,"Since this is the first round, I don't have any historical data to inform my bidding strategy. However, I will start by bidding a moderate amount that is likely to be higher than the other bidders' perceived values. Given my private value of $23, I will bid $15, which is a reasonable starting point. This bid is also low enough to give me a chance to learn from the other bidders' responses and adjust my strategy accordingly."
0,Bidder Andy,42,40.0,True,30.0,-8.0,common_value_second_gemini,V10,meta-llama/Meta-Llama-3-8B-Instruct,deep_infra,0.5,3,1,seal,second,common,0.1,1299,common_spsb.txt,2026-01-29_03-30-03-061237,03-36-50-938798,"Since this is the first round, I don't have any historical data to inform my decision. However, I will start by bidding a moderate amount, taking into account my private value of $42. Since the common value is unknown, I will bid slightly below my private value to account for the noise in the perceived value. I will bid $40, which is $2 below my private value, to balance the risk of overpaying or underpaying. This strategy allows me to adapt to the common value and the competing bidders' bids in future rounds."
0,Bidder Betty,34,30.0,False,30.0,0,common_value_second_gemini,V10,meta-llama/Meta-Llama-3-8B-Instruct,deep_infra,0.5,3,1,seal,second,common,0.1,1299,common_spsb.txt,2026-01-29_03-30-03-061237,03-36-50-938798,"Since this is the first round, I will start by bidding a moderate amount to gauge the competition. Given my private value is $34, I will bid $30, which is slightly below my perceived value. This will allow me to gather information about the other bidders' values and adjust my bid accordingly in subsequent rounds. I will also keep an eye on the bids of Bidder Andy and Bidder Charles to understand their bidding patterns and adjust my strategy accordingly."
0,Bidder Charles,30,25.0,False,30.0,0,common_value_second_gemini,V10,meta-llama/Meta-Llama-3-8B-Instruct,deep_infra,0.5,3,1,seal,second,common,0.1,1299,common_spsb.txt,2026-01-29_03-30-03-061237,03-36-50-938798,"Since this is the first round and I don't have any historical data to learn from, I will start by bidding a moderate amount that is likely to be below the true value of the prize. Given my private value of $30, I will bid $25, which is a reasonable starting point. This bid is also unlikely to be the highest bid, so I will have a good chance of winning if I am correct. If I lose, I can adjust my bid in the next round based on the outcome."
