Axis,Intervention,Auction,N,Mean_Bid_Ratio,Std_Bid_Ratio,Optimal_Ratio,Distance_from_Optimal
Contingent Reasoning,Baseline,FPSB,149,0.8329942102447645,0.15654396773567508,0.6666666666666666,0.16632754357809787
Contingent Reasoning,Baseline,TPSB,137,0.8293873834185382,0.19151765783321587,2.0,1.1706126165814617
Contingent Reasoning,List Cases,FPSB,137,0.7700460836846496,0.1851413161858857,0.6666666666666666,0.10337941701798292
Contingent Reasoning,List Cases,TPSB,146,0.8007464917567437,0.1994685127783589,2.0,1.1992535082432563
Contingent Reasoning,Dominated Bid,FPSB,137,0.9192795704566115,0.09990826334850474,0.6666666666666666,0.25261290378994483
Contingent Reasoning,Dominated Bid,TPSB,146,0.8800254253850757,0.17823661722442097,2.0,1.1199745746149243
Contingent Reasoning,Worst Case,FPSB,134,0.8906312803512302,0.15380851860233896,0.6666666666666666,0.22396461368456355
Contingent Reasoning,Worst Case,TPSB,149,0.8842343558447835,0.1888250776528039,2.0,1.1157656441552164
Contingent Reasoning,Nash Deviation,FPSB,149,0.836964582429912,0.13202877968568189,0.6666666666666666,0.17029791576324538
Contingent Reasoning,Nash Deviation,TPSB,137,0.8923487852304067,0.18516452736416683,2.0,1.1076512147695934
Forward Planning,Two-Stage OSP,FPSB,149,0.8945448200411623,0.08214786557508569,0.6666666666666666,0.22787815337449568
Forward Planning,Two-Stage OSP,TPSB,149,0.8782734465877854,0.08570183509490575,2.0,1.1217265534122145
Forward Planning,Backward Induct,FPSB,149,0.9676712474950329,0.04395165766328023,0.6666666666666666,0.30100458082836623
Forward Planning,Backward Induct,TPSB,125,0.9155185989179268,0.09144568149660759,2.0,1.0844814010820731
Forward Planning,One-Step Look,FPSB,137,0.7664194224910512,0.11305447378844452,0.6666666666666666,0.09975275582438459
Forward Planning,One-Step Look,TPSB,137,0.9533348503589762,0.13740481661508352,2.0,1.0466651496410238
Forward Planning,Decision Tree,FPSB,149,0.7479537739039295,0.14390262824492048,0.6666666666666666,0.08128710723726285
Forward Planning,Decision Tree,TPSB,149,0.843973285158762,0.19193771368671977,2.0,1.156026714841238
Forward Planning,Proxy/Clock,FPSB,137,0.937603324624442,0.08604629456694284,0.6666666666666666,0.27093665795777533
Forward Planning,Proxy/Clock,TPSB,137,0.9344202137463697,0.09283621899617522,2.0,1.0655797862536303
Forward Planning,Menu Frame,FPSB,137,0.8513685665731733,0.12988392965500156,0.6666666666666666,0.18470189990650665
Forward Planning,Menu Frame,TPSB,137,0.8571788620792166,0.1648708551270349,2.0,1.1428211379207833
Higher-Order Beliefs,Rational Others,FPSB,149,0.8714251683069072,0.10081267083538945,0.6666666666666666,0.20475850164024056
Higher-Order Beliefs,Rational Others,TPSB,125,0.7967932207348014,0.2022147511683951,2.0,1.2032067792651986
Higher-Order Beliefs,First-Order,FPSB,149,0.8090015404259562,0.15621935280794838,0.6666666666666666,0.14233487375928955
Higher-Order Beliefs,First-Order,TPSB,125,0.8822502003852299,0.21002205145437938,2.0,1.11774979961477
Higher-Order Beliefs,Second-Order,FPSB,131,0.8288611151239825,0.139573890821959,0.6666666666666666,0.1621944484573159
Higher-Order Beliefs,Second-Order,TPSB,149,0.8353938406386564,0.15259881539731893,2.0,1.1646061593613437
Higher-Order Beliefs,Common Know,FPSB,125,0.9707758497197465,0.08524627734920472,0.6666666666666666,0.3041091830530799
Higher-Order Beliefs,Common Know,TPSB,149,0.8461912784379294,0.31122586043900474,2.0,1.1538087215620707
Prospect Theory,LA: Baseline,FPSB,143,0.8353841924834151,0.1560937369682162,0.6666666666666666,0.16871752581674848
Prospect Theory,LA: Baseline,TPSB,149,0.8251041770096635,0.18818695313817066,2.0,1.1748958229903366
Prospect Theory,LA: Gain Frame,FPSB,149,0.825910004243865,0.16770193651850257,0.6666666666666666,0.15924333757719833
Prospect Theory,LA: Gain Frame,TPSB,146,0.8008555309361702,0.20125059270902595,2.0,1.1991444690638298
Prospect Theory,LA: Loss Frame,FPSB,149,0.7603682787371132,0.16273478337606592,0.6666666666666666,0.09370161207044658
Prospect Theory,LA: Loss Frame,TPSB,125,0.7667935657844223,0.1807758051506776,2.0,1.2332064342155777
Prospect Theory,LA: Mixed Frame,FPSB,146,0.7731111209207159,0.1724075883178728,0.6666666666666666,0.10644445425404925
Prospect Theory,LA: Mixed Frame,TPSB,137,0.7898494789865784,0.18008386034102947,2.0,1.2101505210134216
Prospect Theory,LA: Endowment,FPSB,125,0.8067909299913992,0.18806134936075367,0.6666666666666666,0.1401242633247326
Prospect Theory,LA: Endowment,TPSB,137,0.7563621402740757,0.23979112344403464,2.0,1.2436378597259243
Prospect Theory,LA: WTA vs WTP,FPSB,149,0.8531851142450507,0.11231439403418988,0.6666666666666666,0.1865184475783841
Prospect Theory,LA: WTA vs WTP,TPSB,146,0.9106269626317517,0.1337022282757692,2.0,1.0893730373682482
Prospect Theory,Risk Averse,FPSB,125,0.7695938532944336,0.11613919968455644,0.6666666666666666,0.10292718662776701
Prospect Theory,Risk Averse,TPSB,149,0.762179541353771,0.14551792017074608,2.0,1.2378204586462291
Prospect Theory,Risk Neutral,FPSB,146,0.8221764884446416,0.1394324304773001,0.6666666666666666,0.155509821777975
Prospect Theory,Risk Neutral,TPSB,149,0.8455254408428574,0.2104744005654196,2.0,1.1544745591571426
Prospect Theory,Risk Seeking,FPSB,149,0.924454423281654,0.13609684323459997,0.6666666666666666,0.2577877566149873
Prospect Theory,Risk Seeking,TPSB,137,1.1439989437027802,0.4468271719261329,2.0,0.8560010562972198
Strategy Revelation,Correct Strategy,FPSB,149,0.6692704966660501,0.008825285960871959,0.6666666666666666,0.002603829999383467
Strategy Revelation,Correct Strategy,TPSB,149,1.785850860080529,0.32312938494810917,2.0,0.21414913991947104
Strategy Revelation,Wrong Strategy,FPSB,137,0.5058825670073358,0.01920501293854686,0.6666666666666666,0.16078409965933083
Strategy Revelation,Wrong Strategy,TPSB,149,0.5122630851086009,0.022665725266522687,2.0,1.487736914891399
